"Country","Year","Week_number","Gender","Age","All_cause_deaths_number","Excess_deaths_number","Excess_deaths_percent_change_from_average","Baseline_avg_deaths","Calculated_excess_deaths_number","Calculated_excess_deaths_percent_change_from_average","Calculated_excess_deaths_number_1_decimal_place","Calculated_excess_deaths_percent_change_from_average_1_decimal_place","Excess_Deaths_Number_Comparison","Excess_Deaths_Percent_Change_Comparison"
"Australia",2020,39,"Total","45 to 64",387,-25.8,-6.2,412.8,-25.8,-6.25,-25.8,-6.3,TRUE,FALSE
"Australia",2020,53,"Females","0 to 44",57,1.4,2.5,48,9,18.75,9,18.8,FALSE,FALSE
"Australia",2020,53,"Females","45 to 64",171,27.3,19,150,21,14,21,14,FALSE,FALSE
"Australia",2020,53,"Females","65 and over",1219,47.4,4,1174,45,3.83304940374787,45,3.8,FALSE,FALSE
"Australia",2020,53,"Females","Total",1447,76.1,5.6,1372,75,5.466472303207,75,5.5,FALSE,FALSE
"Australia",2020,53,"Males","0 to 44",85,-19.1,-18.3,104,-19,-18.2692307692308,-19,-18.3,FALSE,TRUE
"Australia",2020,53,"Males","45 to 64",233,-14.2,-5.7,243,-10,-4.11522633744856,-10,-4.1,FALSE,FALSE
"Australia",2020,53,"Males","65 and over",1226,82.8,7.2,1113,113,10.1527403414196,113,10.2,FALSE,FALSE
"Australia",2020,53,"Males","Total",1544,49.5,3.3,1460,84,5.75342465753425,84,5.8,FALSE,FALSE
"Australia",2020,53,"Total","0 to 44",142,-17.7,-11.1,152,-10,-6.57894736842105,-10,-6.6,FALSE,FALSE
"Australia",2020,53,"Total","45 to 64",404,13.1,3.4,393,11,2.79898218829517,11,2.8,FALSE,FALSE
"Australia",2020,53,"Total","65 and over",2445,130.2,5.6,2287,158,6.90861390467862,158,6.9,FALSE,FALSE
"Australia",2020,53,"Total","Total",2991,125.6,4.4,2832,159,5.61440677966102,159,5.6,FALSE,FALSE
"Australia",2022,30,"Males","0 to 44",102,6,6.3,96,6,6.25,6,6.2,TRUE,FALSE
"Austria",2020,30,"Females","0 to 44",12,-0.8,-6.2,12.8,-0.800000000000001,-6.25000000000001,-0.8,-6.3,TRUE,FALSE
"Austria",2020,49,"Females","0 to 44",20,7.2,56.3,12.8,7.2,56.25,7.2,56.2,TRUE,FALSE
"Austria",2020,53,"Females","0 to 44",15,-0.8,-5.1,21,-6,-28.5714285714286,-6,-28.6,FALSE,FALSE
"Austria",2020,53,"Females","45 to 64",65,-8,-11,71,-6,-8.45070422535211,-6,-8.5,FALSE,FALSE
"Austria",2020,53,"Females","65 and over",953,104.5,12.3,729,224,30.7270233196159,224,30.7,FALSE,FALSE
"Austria",2020,53,"Females","Total",1033,95.7,10.2,821,212,25.8221680876979,212,25.8,FALSE,FALSE
"Austria",2020,53,"Males","0 to 44",26,2.8,12.1,19,7,36.8421052631579,7,36.8,FALSE,FALSE
"Austria",2020,53,"Males","45 to 64",137,11.2,8.9,120,17,14.1666666666667,17,14.2,FALSE,FALSE
"Austria",2020,53,"Males","65 and over",804,118,17.2,577,227,39.3414211438475,227,39.3,FALSE,FALSE
"Austria",2020,53,"Males","Total",967,132,15.8,716,251,35.0558659217877,251,35.1,FALSE,FALSE
"Austria",2020,53,"Total","0 to 44",41,2,5.1,40,1,2.5,1,2.5,FALSE,FALSE
"Austria",2020,53,"Total","45 to 64",202,3.2,1.6,191,11,5.75916230366492,11,5.8,FALSE,FALSE
"Austria",2020,53,"Total","65 and over",1757,222.5,14.5,1306,451,34.5329249617152,451,34.5,FALSE,FALSE
"Austria",2020,53,"Total","Total",2000,227.7,12.8,1537,463,30.1236174365647,463,30.1,FALSE,FALSE
"Austria",2021,49,"Females","0 to 44",12,-0.8,-6.2,12.8,-0.800000000000001,-6.25000000000001,-0.8,-6.3,TRUE,FALSE
"Belgium",2020,53,"Females","0 to 44",27,4.2,18.4,26,1,3.84615384615385,1,3.8,FALSE,FALSE
"Belgium",2020,53,"Females","45 to 64",97,-0.3,-0.3,106,-9,-8.49056603773585,-9,-8.5,FALSE,FALSE
"Belgium",2020,53,"Females","65 and over",1129,63.1,5.9,926,203,21.9222462203024,203,21.9,FALSE,FALSE
"Belgium",2020,53,"Females","Total",1253,67,5.6,1058,195,18.4310018903592,195,18.4,FALSE,FALSE
"Belgium",2020,53,"Males","0 to 44",31,-11.7,-27.4,42,-11,-26.1904761904762,-11,-26.2,FALSE,FALSE
"Belgium",2020,53,"Males","45 to 64",157,-18.1,-10.3,189,-32,-16.9312169312169,-32,-16.9,FALSE,FALSE
"Belgium",2020,53,"Males","65 and over",1000,88.4,9.7,834,166,19.9040767386091,166,19.9,FALSE,FALSE
"Belgium",2020,53,"Males","Total",1188,58.6,5.2,1065,123,11.5492957746479,123,11.5,FALSE,FALSE
"Belgium",2020,53,"Total","0 to 44",58,-7.5,-11.5,68,-10,-14.7058823529412,-10,-14.7,FALSE,FALSE
"Belgium",2020,53,"Total","45 to 64",254,-18.4,-6.8,295,-41,-13.8983050847458,-41,-13.9,FALSE,FALSE
"Belgium",2020,53,"Total","65 and over",2129,151.5,7.7,1760,369,20.9659090909091,369,21,FALSE,FALSE
"Belgium",2020,53,"Total","Total",2441,125.6,5.4,2123,318,14.9788035798399,318,15,FALSE,FALSE
"Canada",2020,10,"Males","0 to 44",170,10,6.3,160,10,6.25,10,6.2,TRUE,FALSE
"Canada",2020,53,"Females","0 to 44",105,6.5,6.6,75,30,40,30,40,FALSE,FALSE
"Canada",2020,53,"Females","45 to 64",350,-2.5,-0.7,340,10,2.94117647058824,10,2.9,FALSE,FALSE
"Canada",2020,53,"Females","65 and over",2820,352,14.3,2110,710,33.6492890995261,710,33.6,FALSE,FALSE
"Canada",2020,53,"Females","Total",3270,353,12.1,2525,745,29.5049504950495,745,29.5,FALSE,FALSE
"Canada",2020,53,"Males","0 to 44",210,38,22.1,145,65,44.8275862068966,65,44.8,FALSE,FALSE
"Canada",2020,53,"Males","45 to 64",570,42,8,540,30,5.55555555555556,30,5.6,FALSE,FALSE
"Canada",2020,53,"Males","65 and over",2720,451,19.9,2015,705,34.9875930521092,705,35,FALSE,FALSE
"Canada",2020,53,"Males","Total",3505,536.5,18.1,2700,805,29.8148148148148,805,29.8,FALSE,FALSE
"Canada",2020,53,"Total","0 to 44",315,45,16.7,220,95,43.1818181818182,95,43.2,FALSE,FALSE
"Canada",2020,53,"Total","65 and over",5545,808.5,17.1,4125,1420,34.4242424242424,1420,34.4,FALSE,FALSE
"Canada",2020,53,"Total","Total",6775,889,15.1,5225,1550,29.6650717703349,1550,29.7,FALSE,FALSE
"Canada",2021,10,"Males","0 to 44",210,50,31.3,160,50,31.25,50,31.2,TRUE,FALSE
"Canada",2021,22,"Females","65 and over",2205,205,10.3,2000,205,10.25,205,10.2,TRUE,FALSE
"Canada",2022,10,"Males","0 to 44",210,50,31.3,160,50,31.25,50,31.2,TRUE,FALSE
"Canada",2022,47,"Total","0 to 44",400,144,56.3,256,144,56.25,144,56.2,TRUE,FALSE
"Chile",2020,53,"Females","0 to 44",57,-1.9,-3.2,54,3,5.55555555555556,3,5.6,FALSE,FALSE
"Chile",2020,53,"Females","45 to 64",149,16.1,12.1,142,7,4.92957746478873,7,4.9,FALSE,FALSE
"Chile",2020,53,"Females","65 and over",926,250.5,37.1,669,257,38.4155455904335,257,38.4,FALSE,FALSE
"Chile",2020,53,"Females","Total",1132,264.7,30.5,865,267,30.8670520231214,267,30.9,FALSE,FALSE
"Chile",2020,53,"Males","0 to 44",133,5.9,4.6,125,8,6.4,8,6.4,FALSE,FALSE
"Chile",2020,53,"Males","45 to 64",271,44.9,19.9,279,-8,-2.8673835125448,-8,-2.9,FALSE,FALSE
"Chile",2020,53,"Males","65 and over",865,220.7,34.3,673,192,28.5289747399703,192,28.5,FALSE,FALSE
"Chile",2020,53,"Males","Total",1269,271.5,27.2,1077,192,17.8272980501393,192,17.8,FALSE,FALSE
"Chile",2020,53,"Total","0 to 44",191,4.6,2.5,180,11,6.11111111111111,11,6.1,FALSE,FALSE
"Chile",2020,53,"Total","45 to 64",420,61,17,421,-1,-0.237529691211401,-1,-0.2,FALSE,FALSE
"Chile",2020,53,"Total","65 and over",1791,471.2,35.7,1342,449,33.4575260804769,449,33.5,FALSE,FALSE
"Chile",2020,53,"Total","Total",2402,536.8,28.8,1943,459,23.623262995368,459,23.6,FALSE,FALSE
"Chile",2021,23,"Males","65 and over",1098,298,37.3,800,298,37.25,298,37.2,TRUE,FALSE
"Colombia",2020,53,"Females","Total",3281,1174.7,55.8,2025,1256,62.0246913580247,1256,62,FALSE,FALSE
"Colombia",2020,53,"Males","Total",4598,1903.8,70.7,2581,2017,78.1480046493607,2017,78.1,FALSE,FALSE
"Colombia",2020,53,"Total","Total",7882,3080.5,64.2,4609,3273,71.0132349750488,3273,71,FALSE,FALSE
"Costa Rica",2020,53,"Total","Total",629,147.1,30.5,508,121,23.8188976377953,121,23.8,FALSE,FALSE
"Czechia",2020,53,"Females","0 to 44",27,4.5,20,26,1,3.84615384615385,1,3.8,FALSE,FALSE
"Czechia",2020,53,"Females","45 to 64",120,17.5,17.1,113,7,6.19469026548673,7,6.2,FALSE,FALSE
"Czechia",2020,53,"Females","65 and over",1505,485.7,47.7,899,606,67.4082313681869,606,67.4,FALSE,FALSE
"Czechia",2020,53,"Females","Total",1652,507.7,44.4,1038,614,59.1522157996146,614,59.2,FALSE,FALSE
"Czechia",2020,53,"Males","0 to 44",55,5.3,10.7,57,-2,-3.50877192982456,-2,-3.5,FALSE,FALSE
"Czechia",2020,53,"Males","45 to 64",286,58.2,25.5,229,57,24.8908296943231,57,24.9,FALSE,FALSE
"Czechia",2020,53,"Males","65 and over",1525,640.1,72.3,832,693,83.2932692307692,693,83.3,FALSE,FALSE
"Czechia",2020,53,"Males","Total",1866,703.6,60.5,1118,748,66.9051878354204,748,66.9,FALSE,FALSE
"Czechia",2020,53,"Total","0 to 44",82,9.8,13.6,83,-1,-1.20481927710843,-1,-1.2,FALSE,FALSE
"Czechia",2020,53,"Total","45 to 64",406,75.7,22.9,342,64,18.7134502923977,64,18.7,FALSE,FALSE
"Czechia",2020,53,"Total","65 and over",3030,1125.8,59.1,1731,1299,75.0433275563258,1299,75,FALSE,FALSE
"Czechia",2020,53,"Total","Total",3518,1211.3,52.5,2156,1362,63.1725417439703,1362,63.2,FALSE,FALSE
"Czechia",2021,42,"Total","0 to 44",68,4,6.3,64,4,6.25,4,6.2,TRUE,FALSE
"Denmark",2020,1,"Males","0 to 44",14,-3.7,-21.1,17.75,-3.75,-21.1267605633803,-3.8,-21.1,FALSE,TRUE
"Denmark",2020,1,"Total","0 to 44",23,-4.7,-17.1,27.75,-4.75,-17.1171171171171,-4.8,-17.1,FALSE,TRUE
"Denmark",2020,29,"Females","Total",486,6,1.3,480,6,1.25,6,1.2,TRUE,FALSE
"Denmark",2020,53,"Females","0 to 44",9,-1.2,-12,11,-2,-18.1818181818182,-2,-18.2,FALSE,FALSE
"Denmark",2020,53,"Females","45 to 64",51,-0.7,-1.4,63,-12,-19.047619047619,-12,-19,FALSE,FALSE
"Denmark",2020,53,"Females","65 and over",565,74.9,15.3,423,142,33.5697399527187,142,33.6,FALSE,FALSE
"Denmark",2020,53,"Females","Total",625,72.9,13.2,497,128,25.7545271629779,128,25.8,FALSE,FALSE
"Denmark",2020,53,"Males","45 to 64",72,-12.8,-15.1,76,-4,-5.26315789473684,-4,-5.3,FALSE,FALSE
"Denmark",2020,53,"Males","65 and over",548,109,24.8,396,152,38.3838383838384,152,38.4,FALSE,FALSE
"Denmark",2020,53,"Males","Total",634,93.3,17.3,489,145,29.6523517382413,145,29.7,FALSE,FALSE
"Denmark",2020,53,"Total","0 to 44",23,-4.2,-15.5,28,-5,-17.8571428571429,-5,-17.9,FALSE,FALSE
"Denmark",2020,53,"Total","45 to 64",123,-13.5,-9.9,139,-16,-11.5107913669065,-16,-11.5,FALSE,FALSE
"Denmark",2020,53,"Total","65 and over",1113,183.9,19.8,819,294,35.8974358974359,294,35.9,FALSE,FALSE
"Denmark",2020,53,"Total","Total",1259,166.2,15.2,986,273,27.6876267748479,273,27.7,FALSE,FALSE
"Denmark",2021,1,"Males","0 to 44",13,-4.7,-26.8,17.75,-4.75,-26.7605633802817,-4.8,-26.8,FALSE,TRUE
"Denmark",2021,1,"Total","0 to 44",24,-3.7,-13.5,27.75,-3.75,-13.5135135135135,-3.8,-13.5,FALSE,TRUE
"Denmark",2021,20,"Males","45 to 64",69,-11,-13.7,80,-11,-13.75,-11,-13.8,TRUE,FALSE
"Denmark",2021,35,"Total","0 to 44",24,-1.6,-6.2,25.6,-1.6,-6.25000000000001,-1.6,-6.3,TRUE,FALSE
"Denmark",2022,1,"Males","0 to 44",16,-1.7,-9.9,17.75,-1.75,-9.85915492957746,-1.8,-9.9,FALSE,TRUE
"Denmark",2022,1,"Total","0 to 44",24,-3.7,-13.5,27.75,-3.75,-13.5135135135135,-3.8,-13.5,FALSE,TRUE
"Denmark",2022,20,"Males","45 to 64",77,-3,-3.7,80,-3,-3.75,-3,-3.8,TRUE,FALSE
"Denmark",2022,46,"Males","0 to 44",17,1,6.3,16,1,6.25,1,6.2,TRUE,FALSE
"Denmark",2022,50,"Total","0 to 44",24,-1.6,-6.2,25.6,-1.6,-6.25000000000001,-1.6,-6.3,TRUE,FALSE
"Denmark",2022,52,"Males","45 to 64",77,-3,-3.7,80,-3,-3.75,-3,-3.8,TRUE,FALSE
"Estonia",2020,29,"Females","0 to 44",1,-2.2,-68.7,3.2,-2.2,-68.75,-2.2,-68.8,TRUE,FALSE
"Estonia",2020,36,"Females","0 to 44",9,5.8,181.3,3.2,5.8,181.25,5.8,181.2,TRUE,FALSE
"Estonia",2020,53,"Females","0 to 44",3,-0.3,-9.1,3,0,0,0,0,FALSE,FALSE
"Estonia",2020,53,"Females","45 to 64",24,7.1,42,10,14,140,14,140,FALSE,FALSE
"Estonia",2020,53,"Females","65 and over",175,23.8,15.7,125,50,40,50,40,FALSE,FALSE
"Estonia",2020,53,"Females","Total",202,30.6,17.9,138,64,46.3768115942029,64,46.4,FALSE,FALSE
"Estonia",2020,53,"Males","0 to 44",12,2.2,22.4,2,10,500,10,500,FALSE,FALSE
"Estonia",2020,53,"Males","45 to 64",33,-6.5,-16.5,35,-2,-5.71428571428571,-2,-5.7,FALSE,FALSE
"Estonia",2020,53,"Males","65 and over",121,12.6,11.6,93,28,30.1075268817204,28,30.1,FALSE,FALSE
"Estonia",2020,53,"Males","Total",166,8.3,5.3,130,36,27.6923076923077,36,27.7,FALSE,FALSE
"Estonia",2020,53,"Total","0 to 44",15,1.9,14.5,5,10,200,10,200,FALSE,FALSE
"Estonia",2020,53,"Total","45 to 64",57,0.6,1.1,45,12,26.6666666666667,12,26.7,FALSE,FALSE
"Estonia",2020,53,"Total","65 and over",296,36.4,14,218,78,35.7798165137615,78,35.8,FALSE,FALSE
"Estonia",2020,53,"Total","Total",368,38.9,11.8,268,100,37.3134328358209,100,37.3,FALSE,FALSE
"Estonia",2021,10,"Females","0 to 44",3,-0.2,-6.2,3.2,-0.2,-6.25000000000001,-0.2,-6.3,TRUE,FALSE
"Estonia",2021,15,"Total","65 and over",309,69,28.8,240,69,28.75,69,28.7,TRUE,FALSE
"Estonia",2021,19,"Females","0 to 44",5,1.8,56.3,3.2,1.8,56.25,1.8,56.2,TRUE,FALSE
"Estonia",2021,36,"Females","0 to 44",3,-0.2,-6.2,3.2,-0.2,-6.25000000000001,-0.2,-6.3,TRUE,FALSE
"Estonia",2022,13,"Females","0 to 44",3,-0.2,-6.2,3.2,-0.2,-6.25000000000001,-0.2,-6.3,TRUE,FALSE
"Estonia",2022,15,"Males","0 to 44",3,-6.6,-68.7,9.6,-6.6,-68.75,-6.6,-68.8,TRUE,FALSE
"Estonia",2022,36,"Females","0 to 44",5,1.8,56.3,3.2,1.8,56.25,1.8,56.2,TRUE,FALSE
"Estonia",2022,48,"Females","0 to 44",5,1.8,56.3,3.2,1.8,56.25,1.8,56.2,TRUE,FALSE
"Finland",2020,32,"Females","0 to 44",3,-6.6,-68.7,9.6,-6.6,-68.75,-6.6,-68.8,TRUE,FALSE
"Finland",2020,43,"Males","45 to 64",81,-5.4,-6.2,86.4,-5.40000000000001,-6.25000000000001,-5.4,-6.3,TRUE,FALSE
"Finland",2020,53,"Females","0 to 44",10,0.5,5.3,12,-2,-16.6666666666667,-2,-16.7,FALSE,FALSE
"Finland",2020,53,"Females","45 to 64",34,-9.1,-21.1,56,-22,-39.2857142857143,-22,-39.3,FALSE,FALSE
"Finland",2020,53,"Females","65 and over",557,14.1,2.6,515,42,8.15533980582524,42,8.2,FALSE,FALSE
"Finland",2020,53,"Females","Total",601,5.5,0.9,583,18,3.08747855917667,18,3.1,FALSE,FALSE
"Finland",2020,53,"Males","0 to 44",23,2.5,12.2,31,-8,-25.8064516129032,-8,-25.8,FALSE,FALSE
"Finland",2020,53,"Males","45 to 64",86,-0.2,-0.2,87,-1,-1.14942528735632,-1,-1.1,FALSE,FALSE
"Finland",2020,53,"Males","65 and over",467,8,1.7,411,56,13.625304136253,56,13.6,FALSE,FALSE
"Finland",2020,53,"Males","Total",576,10.3,1.8,529,47,8.88468809073724,47,8.9,FALSE,FALSE
"Finland",2020,53,"Total","0 to 44",33,3,10,43,-10,-23.2558139534884,-10,-23.3,FALSE,FALSE
"Finland",2020,53,"Total","45 to 64",120,-9.3,-7.2,143,-23,-16.0839160839161,-23,-16.1,FALSE,FALSE
"Finland",2020,53,"Total","65 and over",1024,22.1,2.2,926,98,10.5831533477322,98,10.6,FALSE,FALSE
"Finland",2020,53,"Total","Total",1177,15.8,1.4,1112,65,5.84532374100719,65,5.8,FALSE,FALSE
"Finland",2022,14,"Total","0 to 44",27,-1.8,-6.2,28.8,-1.8,-6.25,-1.8,-6.3,TRUE,FALSE
"France",2020,53,"Females","0 to 44",108,-19,-15,121,-13,-10.7438016528926,-13,-10.7,FALSE,FALSE
"France",2020,53,"Females","45 to 64",480,-77.7,-13.9,541,-61,-11.275415896488,-61,-11.3,FALSE,FALSE
"France",2020,53,"Females","65 and over",6758,704.7,11.6,5390,1368,25.3803339517625,1368,25.4,FALSE,FALSE
"France",2020,53,"Females","Total",7391,646.4,9.6,6052,1339,22.1249173826834,1339,22.1,FALSE,FALSE
"France",2020,53,"Males","0 to 44",240,-11.3,-4.5,256,-16,-6.25,-16,-6.2,FALSE,FALSE
"France",2020,53,"Males","45 to 64",1009,-74.7,-6.9,1104,-95,-8.60507246376812,-95,-8.6,FALSE,FALSE
"France",2020,53,"Males","65 and over",5962,778.6,15,4605,1357,29.4679695982628,1357,29.5,FALSE,FALSE
"France",2020,53,"Males","Total",7288,759.9,11.6,5965,1323,22.1793797150042,1323,22.2,FALSE,FALSE
"France",2020,53,"Total","0 to 44",348,-30.3,-8,377,-29,-7.69230769230769,-29,-7.7,FALSE,FALSE
"France",2020,53,"Total","45 to 64",1489,-152.4,-9.3,1645,-156,-9.48328267477204,-156,-9.5,FALSE,FALSE
"France",2020,53,"Total","65 and over",12720,1483.3,13.2,9995,2725,27.263631815908,2725,27.3,FALSE,FALSE
"France",2020,53,"Total","Total",14679,1406.3,10.6,12017,2662,22.1519514021802,2662,22.2,FALSE,FALSE
"Germany",2020,53,"Females","Total",12866,3218,33.4,8751,4115,47.0231973488744,4115,47,FALSE,FALSE
"Germany",2020,53,"Males","Total",12631,3493.4,38.2,8459,4172,49.3202506206407,4172,49.3,FALSE,FALSE
"Germany",2020,53,"Total","0 to 44",114,1.4,1.2,110,4,3.63636363636364,4,3.6,FALSE,FALSE
"Germany",2020,53,"Total","45 to 64",2578,277.2,12,2239,339,15.1406878070567,339,15.1,FALSE,FALSE
"Germany",2020,53,"Total","65 and over",22544,6440.4,40,14563,7981,54.8032685573028,7981,54.8,FALSE,FALSE
"Germany",2020,53,"Total","Total",25497,6711.4,35.7,17210,8287,48.1522370714701,8287,48.2,FALSE,FALSE
"Greece",2020,13,"Females","45 to 64",89,9,11.3,80,9,11.25,9,11.2,TRUE,FALSE
"Greece",2020,33,"Females","45 to 64",65,-15,-18.7,80,-15,-18.75,-15,-18.8,TRUE,FALSE
"Greece",2020,53,"Females","0 to 44",12,-5.7,-32.2,14,-2,-14.2857142857143,-2,-14.3,FALSE,FALSE
"Greece",2020,53,"Females","45 to 64",98,6.4,7,82,16,19.5121951219512,16,19.5,FALSE,FALSE
"Greece",2020,53,"Females","65 and over",1199,-23.8,-1.9,1162,37,3.184165232358,37,3.2,FALSE,FALSE
"Greece",2020,53,"Females","Total",1309,-23.1,-1.7,1258,51,4.05405405405405,51,4.1,FALSE,FALSE
"Greece",2020,53,"Males","0 to 44",34,-2.7,-7.4,41,-7,-17.0731707317073,-7,-17.1,FALSE,FALSE
"Greece",2020,53,"Males","45 to 64",177,-8.5,-4.6,172,5,2.90697674418605,5,2.9,FALSE,FALSE
"Greece",2020,53,"Males","65 and over",1166,31.5,2.8,1098,68,6.19307832422587,68,6.2,FALSE,FALSE
"Greece",2020,53,"Males","Total",1377,20.3,1.5,1311,66,5.03432494279176,66,5,FALSE,FALSE
"Greece",2020,53,"Total","0 to 44",46,-8.4,-15.4,55,-9,-16.3636363636364,-9,-16.4,FALSE,FALSE
"Greece",2020,53,"Total","45 to 64",275,-2.1,-0.8,254,21,8.26771653543307,21,8.3,FALSE,FALSE
"Greece",2020,53,"Total","65 and over",2365,7.7,0.3,2260,105,4.64601769911504,105,4.6,FALSE,FALSE
"Greece",2020,53,"Total","Total",2686,-2.8,-0.1,2569,117,4.55430128454652,117,4.6,FALSE,FALSE
"Greece",2021,14,"Females","45 to 64",105,25,31.3,80,25,31.25,25,31.2,TRUE,FALSE
"Greece",2021,33,"Females","45 to 64",89,9,11.3,80,9,11.25,9,11.2,TRUE,FALSE
"Greece",2022,15,"Total","0 to 44",54,-3.6,-6.2,57.6,-3.6,-6.25,-3.6,-6.3,TRUE,FALSE
"Hungary",2020,53,"Females","0 to 44",27,1.2,4.7,21,6,28.5714285714286,6,28.6,FALSE,FALSE
"Hungary",2020,53,"Females","45 to 64",162,-15.5,-8.7,188,-26,-13.8297872340426,-26,-13.8,FALSE,FALSE
"Hungary",2020,53,"Females","65 and over",1637,408.1,33.2,1069,568,53.133769878391,568,53.1,FALSE,FALSE
"Hungary",2020,53,"Females","Total",1827,394.7,27.6,1278,549,42.9577464788732,549,43,FALSE,FALSE
"Hungary",2020,53,"Males","0 to 44",56,5.5,10.9,41,15,36.5853658536585,15,36.6,FALSE,FALSE
"Hungary",2020,53,"Males","45 to 64",366,-1,-0.3,391,-25,-6.39386189258312,-25,-6.4,FALSE,FALSE
"Hungary",2020,53,"Males","65 and over",1232,299.8,32.2,809,423,52.2867737948084,423,52.3,FALSE,FALSE
"Hungary",2020,53,"Males","Total",1658,308.2,22.8,1241,417,33.6019339242546,417,33.6,FALSE,FALSE
"Hungary",2020,53,"Total","0 to 44",83,6.7,8.8,62,21,33.8709677419355,21,33.9,FALSE,FALSE
"Hungary",2020,53,"Total","45 to 64",528,-16.5,-3,579,-51,-8.80829015544041,-51,-8.8,FALSE,FALSE
"Hungary",2020,53,"Total","65 and over",2869,707.9,32.8,1878,991,52.7689030883919,991,52.8,FALSE,FALSE
"Hungary",2020,53,"Total","Total",3485,702.9,25.3,2519,966,38.3485510123065,966,38.3,FALSE,FALSE
"Hungary",2022,24,"Males","Total",1068,-71.2,-6.2,1139.2,-71.2,-6.25,-71.2,-6.3,TRUE,FALSE
"Iceland",2020,12,"Total","Total",39,-2.6,-6.2,41.6,-2.6,-6.25,-2.6,-6.3,TRUE,FALSE
"Iceland",2020,15,"Females","65 and over",21,5,31.3,16,5,31.25,5,31.2,TRUE,FALSE
"Iceland",2020,21,"Males","45 to 64",1,-2.2,-68.7,3.2,-2.2,-68.75,-2.2,-68.8,TRUE,FALSE
"Iceland",2020,22,"Males","45 to 64",1,-2.2,-68.7,3.2,-2.2,-68.75,-2.2,-68.8,TRUE,FALSE
"Iceland",2020,28,"Males","45 to 64",5,1.8,56.3,3.2,1.8,56.25,1.8,56.2,TRUE,FALSE
"Iceland",2020,32,"Males","45 to 64",5,1.8,56.3,3.2,1.8,56.25,1.8,56.2,TRUE,FALSE
"Iceland",2020,53,"Females","0 to 44",1,0.6,150,1,0,0,0,0,FALSE,FALSE
"Iceland",2020,53,"Females","65 and over",15,-4.2,-21.9,15,0,0,0,0,FALSE,FALSE
"Iceland",2020,53,"Females","Total",17,-4.6,-21.3,18,-1,-5.55555555555556,-1,-5.6,FALSE,FALSE
"Iceland",2020,53,"Males","0 to 44",0,-1.7,-100,2,-2,-100,-2,-100,FALSE,TRUE
"Iceland",2020,53,"Males","45 to 64",3,0.2,7.1,5,-2,-40,-2,-40,FALSE,FALSE
"Iceland",2020,53,"Males","65 and over",26,8.2,46.1,25,1,4,1,4,FALSE,FALSE
"Iceland",2020,53,"Males","Total",29,6.7,30,32,-3,-9.375,-3,-9.4,FALSE,FALSE
"Iceland",2020,53,"Total","0 to 44",1,-1.1,-52.4,3,-2,-66.6666666666667,-2,-66.7,FALSE,FALSE
"Iceland",2020,53,"Total","45 to 64",4,-0.8,-16.7,7,-3,-42.8571428571429,-3,-42.9,FALSE,FALSE
"Iceland",2020,53,"Total","65 and over",41,4,10.8,40,1,2.5,1,2.5,FALSE,FALSE
"Iceland",2020,53,"Total","Total",46,2.1,4.8,50,-4,-8,-4,-8,FALSE,FALSE
"Iceland",2021,12,"Females","65 and over",17,1,6.3,16,1,6.25,1,6.2,TRUE,FALSE
"Iceland",2021,15,"Females","65 and over",21,5,31.3,16,5,31.25,5,31.2,TRUE,FALSE
"Iceland",2021,21,"Males","45 to 64",1,-2.2,-68.7,3.2,-2.2,-68.75,-2.2,-68.8,TRUE,FALSE
"Iceland",2021,21,"Males","65 and over",17,1,6.3,16,1,6.25,1,6.2,TRUE,FALSE
"Iceland",2021,32,"Males","45 to 64",3,-0.2,-6.2,3.2,-0.2,-6.25000000000001,-0.2,-6.3,TRUE,FALSE
"Iceland",2021,39,"Females","45 to 64",1,-2.2,-68.7,3.2,-2.2,-68.75,-2.2,-68.8,TRUE,FALSE
"Iceland",2021,49,"Total","45 to 64",7,3.8,118.8,3.2,3.8,118.75,3.8,118.7,TRUE,FALSE
"Iceland",2022,21,"Males","45 to 64",1,-2.2,-68.7,3.2,-2.2,-68.75,-2.2,-68.8,TRUE,FALSE
"Iceland",2022,27,"Total","0 to 44",5,1.8,56.3,3.2,1.8,56.25,1.8,56.2,TRUE,FALSE
"Iceland",2022,28,"Males","45 to 64",1,-2.2,-68.7,3.2,-2.2,-68.75,-2.2,-68.8,TRUE,FALSE
"Iceland",2022,32,"Males","45 to 64",7,3.8,118.8,3.2,3.8,118.75,3.8,118.7,TRUE,FALSE
"Iceland",2022,45,"Total","65 and over",50,18,56.3,32,18,56.25,18,56.2,TRUE,FALSE
"Iceland",2022,47,"Males","65 and over",21,5,31.3,16,5,31.25,5,31.2,TRUE,FALSE
"Israel",2020,53,"Females","Total",523,25.9,5.2,491,32,6.5173116089613,32,6.5,FALSE,FALSE
"Israel",2020,53,"Males","Total",616,120.6,24.3,512,104,20.3125,104,20.3,FALSE,FALSE
"Israel",2020,53,"Total","Total",1139,146.5,14.8,1003,136,13.5593220338983,136,13.6,FALSE,FALSE
"Italy",2020,53,"Females","0 to 44",65,-25,-27.8,91,-26,-28.5714285714286,-26,-28.6,FALSE,FALSE
"Italy",2020,53,"Females","45 to 64",525,48.1,10.1,466,59,12.6609442060086,59,12.7,FALSE,FALSE
"Italy",2020,53,"Females","65 and over",7897,735.3,10.3,6386,1511,23.6611337300345,1511,23.7,FALSE,FALSE
"Italy",2020,53,"Females","Total",8487,758.4,9.8,6943,1544,22.2382255509146,1544,22.2,FALSE,FALSE
"Italy",2020,53,"Males","0 to 44",120,-40.3,-25.1,156,-36,-23.0769230769231,-36,-23.1,FALSE,FALSE
"Italy",2020,53,"Males","45 to 64",871,92.5,11.9,798,73,9.14786967418546,73,9.1,FALSE,FALSE
"Italy",2020,53,"Males","65 and over",6860,826.5,13.7,5321,1539,28.9231347491073,1539,28.9,FALSE,FALSE
"Italy",2020,53,"Males","Total",7851,878.7,12.6,6275,1576,25.1155378486056,1576,25.1,FALSE,FALSE
"Italy",2020,53,"Total","0 to 44",185,-65.3,-26.1,247,-62,-25.1012145748988,-62,-25.1,FALSE,FALSE
"Italy",2020,53,"Total","45 to 64",1396,140.6,11.2,1264,132,10.4430379746835,132,10.4,FALSE,FALSE
"Italy",2020,53,"Total","65 and over",14757,1561.8,11.8,11707,3050,26.0527889297002,3050,26.1,FALSE,FALSE
"Italy",2020,53,"Total","Total",16338,1637.1,11.1,13218,3120,23.604176123468,3120,23.6,FALSE,FALSE
"Italy",2021,27,"Males","0 to 44",156,-10.4,-6.2,166.4,-10.4,-6.25,-10.4,-6.3,TRUE,FALSE
"Latvia",2020,19,"Total","45 to 64",93,-6.2,-6.2,99.2,-6.2,-6.25,-6.2,-6.3,TRUE,FALSE
"Latvia",2020,28,"Females","45 to 64",27,-1.8,-6.2,28.8,-1.8,-6.25,-1.8,-6.3,TRUE,FALSE
"Latvia",2020,53,"Females","0 to 44",9,0.4,4.7,8,1,12.5,1,12.5,FALSE,FALSE
"Latvia",2020,53,"Females","45 to 64",30,-3.9,-11.5,39,-9,-23.0769230769231,-9,-23.1,FALSE,FALSE
"Latvia",2020,53,"Females","65 and over",346,76.3,28.3,246,100,40.650406504065,100,40.7,FALSE,FALSE
"Latvia",2020,53,"Females","Total",385,72.8,23.3,293,92,31.3993174061433,92,31.4,FALSE,FALSE
"Latvia",2020,53,"Males","0 to 44",26,4.3,19.8,23,3,13.0434782608696,3,13,FALSE,FALSE
"Latvia",2020,53,"Males","45 to 64",109,25.2,30.1,75,34,45.3333333333333,34,45.3,FALSE,FALSE
"Latvia",2020,53,"Males","65 and over",243,62.7,34.8,190,53,27.8947368421053,53,27.9,FALSE,FALSE
"Latvia",2020,53,"Males","Total",378,92.2,32.3,288,90,31.25,90,31.2,FALSE,FALSE
"Latvia",2020,53,"Total","0 to 44",35,4.7,15.5,31,4,12.9032258064516,4,12.9,FALSE,FALSE
"Latvia",2020,53,"Total","45 to 64",139,21.3,18.1,114,25,21.9298245614035,25,21.9,FALSE,FALSE
"Latvia",2020,53,"Total","65 and over",589,139,30.9,436,153,35.0917431192661,153,35.1,FALSE,FALSE
"Latvia",2020,53,"Total","Total",763,165,27.6,581,182,31.3253012048193,182,31.3,FALSE,FALSE
"Latvia",2021,34,"Total","0 to 44",24,-1.6,-6.2,25.6,-1.6,-6.25000000000001,-1.6,-6.3,TRUE,FALSE
"Latvia",2022,3,"Females","45 to 64",33,-2.2,-6.2,35.2,-2.2,-6.25000000000001,-2.2,-6.3,TRUE,FALSE
"Latvia",2022,36,"Females","0 to 44",6,-0.4,-6.2,6.4,-0.4,-6.25000000000001,-0.4,-6.3,TRUE,FALSE
"Lithuania",2020,53,"Females","0 to 44",18,7.3,68.2,11,7,63.6363636363636,7,63.6,FALSE,FALSE
"Lithuania",2020,53,"Females","45 to 64",83,37.1,80.8,41,42,102.439024390244,42,102.4,FALSE,FALSE
"Lithuania",2020,53,"Females","65 and over",583,202.8,53.3,385,198,51.4285714285714,198,51.4,FALSE,FALSE
"Lithuania",2020,53,"Females","Total",684,247.2,56.6,437,247,56.5217391304348,247,56.5,FALSE,FALSE
"Lithuania",2020,53,"Males","0 to 44",38,6.8,21.8,52,-14,-26.9230769230769,-14,-26.9,FALSE,FALSE
"Lithuania",2020,53,"Males","45 to 64",156,44.8,40.3,133,23,17.2932330827068,23,17.3,FALSE,FALSE
"Lithuania",2020,53,"Males","65 and over",465,201.5,76.5,278,187,67.2661870503597,187,67.3,FALSE,FALSE
"Lithuania",2020,53,"Males","Total",659,253.1,62.4,463,196,42.3326133909287,196,42.3,FALSE,FALSE
"Lithuania",2020,53,"Total","0 to 44",56,14.1,33.7,63,-7,-11.1111111111111,-7,-11.1,FALSE,FALSE
"Lithuania",2020,53,"Total","45 to 64",239,81.9,52.1,174,65,37.3563218390805,65,37.4,FALSE,FALSE
"Lithuania",2020,53,"Total","65 and over",1048,404.3,62.8,663,385,58.0693815987934,385,58.1,FALSE,FALSE
"Lithuania",2020,53,"Total","Total",1343,500.3,59.4,900,443,49.2222222222222,443,49.2,FALSE,FALSE
"Luxembourg",2020,7,"Total","0 to 44",1,-2.2,-68.7,3.2,-2.2,-68.75,-2.2,-68.8,TRUE,FALSE
"Luxembourg",2020,16,"Males","0 to 44",1,-2.2,-68.7,3.2,-2.2,-68.75,-2.2,-68.8,TRUE,FALSE
"Luxembourg",2020,23,"Females","45 to 64",7,3.8,118.8,3.2,3.8,118.75,3.8,118.7,TRUE,FALSE
"Luxembourg",2020,34,"Males","45 to 64",6,-0.4,-6.2,6.4,-0.4,-6.25000000000001,-0.4,-6.3,TRUE,FALSE
"Luxembourg",2020,39,"Males","45 to 64",10,3.6,56.3,6.4,3.6,56.25,3.6,56.2,TRUE,FALSE
"Luxembourg",2020,41,"Females","45 to 64",3,-0.2,-6.2,3.2,-0.2,-6.25000000000001,-0.2,-6.3,TRUE,FALSE
"Luxembourg",2020,53,"Females","0 to 44",0,-0.8,-100,1,-1,-100,-1,-100,FALSE,TRUE
"Luxembourg",2020,53,"Females","45 to 64",2,-2.2,-52.4,5,-3,-60,-3,-60,FALSE,FALSE
"Luxembourg",2020,53,"Females","65 and over",39,-0.3,-0.8,29,10,34.4827586206897,10,34.5,FALSE,FALSE
"Luxembourg",2020,53,"Females","Total",41,-3.3,-7.4,35,6,17.1428571428571,6,17.1,FALSE,FALSE
"Luxembourg",2020,53,"Males","0 to 44",2,0.3,17.6,1,1,100,1,100,FALSE,FALSE
"Luxembourg",2020,53,"Males","45 to 64",11,3.7,50.7,12,-1,-8.33333333333333,-1,-8.3,FALSE,FALSE
"Luxembourg",2020,53,"Males","65 and over",44,11.8,36.6,35,9,25.7142857142857,9,25.7,FALSE,FALSE
"Luxembourg",2020,53,"Males","Total",57,15.8,38.3,48,9,18.75,9,18.8,FALSE,FALSE
"Luxembourg",2020,53,"Total","0 to 44",2,-0.5,-20,2,0,0,0,0,FALSE,FALSE
"Luxembourg",2020,53,"Total","45 to 64",13,1.5,13,17,-4,-23.5294117647059,-4,-23.5,FALSE,FALSE
"Luxembourg",2020,53,"Total","65 and over",83,11.5,16.1,64,19,29.6875,19,29.7,FALSE,FALSE
"Luxembourg",2020,53,"Total","Total",98,12.5,14.6,83,15,18.0722891566265,15,18.1,FALSE,FALSE
"Luxembourg",2021,27,"Females","45 to 64",1,-2.2,-68.7,3.2,-2.2,-68.75,-2.2,-68.8,TRUE,FALSE
"Luxembourg",2021,32,"Females","65 and over",34,2,6.3,32,2,6.25,2,6.2,TRUE,FALSE
"Luxembourg",2021,34,"Females","45 to 64",5,1.8,56.3,3.2,1.8,56.25,1.8,56.2,TRUE,FALSE
"Luxembourg",2021,34,"Males","45 to 64",6,-0.4,-6.2,6.4,-0.4,-6.25000000000001,-0.4,-6.3,TRUE,FALSE
"Luxembourg",2021,39,"Males","45 to 64",6,-0.4,-6.2,6.4,-0.4,-6.25000000000001,-0.4,-6.3,TRUE,FALSE
"Luxembourg",2021,46,"Females","45 to 64",3,-0.2,-6.2,3.2,-0.2,-6.25000000000001,-0.2,-6.3,TRUE,FALSE
"Luxembourg",2022,8,"Females","45 to 64",5,1.8,56.3,3.2,1.8,56.25,1.8,56.2,TRUE,FALSE
"Luxembourg",2022,23,"Females","45 to 64",3,-0.2,-6.2,3.2,-0.2,-6.25000000000001,-0.2,-6.3,TRUE,FALSE
"Luxembourg",2022,26,"Males","45 to 64",6,-0.4,-6.2,6.4,-0.4,-6.25000000000001,-0.4,-6.3,TRUE,FALSE
"Luxembourg",2022,41,"Females","45 to 64",1,-2.2,-68.7,3.2,-2.2,-68.75,-2.2,-68.8,TRUE,FALSE
"Luxembourg",2022,46,"Females","45 to 64",5,1.8,56.3,3.2,1.8,56.25,1.8,56.2,TRUE,FALSE
"Mexico",2020,53,"Females","0 to 44",1065,285.4,36.6,698,367,52.5787965616046,367,52.6,FALSE,FALSE
"Mexico",2020,53,"Females","45 to 64",3214,1975.2,159.4,965,2249,233.056994818653,2249,233.1,FALSE,FALSE
"Mexico",2020,53,"Females","65 and over",6863,3160.3,85.4,3169,3694,116.566740296624,3694,116.6,FALSE,FALSE
"Mexico",2020,53,"Females","Total",11149,5422.7,94.7,4836,6313,130.541770057899,6313,130.5,FALSE,FALSE
"Mexico",2020,53,"Males","0 to 44",2498,775.8,45,1541,957,62.1025308241402,957,62.1,FALSE,FALSE
"Mexico",2020,53,"Males","45 to 64",5767,3832.6,198.1,1525,4242,278.16393442623,4242,278.2,FALSE,FALSE
"Mexico",2020,53,"Males","65 and over",8501,4796.9,129.5,3018,5483,181.67660702452,5483,181.7,FALSE,FALSE
"Mexico",2020,53,"Males","Total",16810,9405,127,6120,10690,174.673202614379,10690,174.7,FALSE,FALSE
"Mexico",2020,53,"Total","0 to 44",3565,1061.5,42.4,2240,1325,59.1517857142857,1325,59.2,FALSE,FALSE
"Mexico",2020,53,"Total","45 to 64",8981,5807.6,183,2490,6491,260.682730923695,6491,260.7,FALSE,FALSE
"Mexico",2020,53,"Total","65 and over",15364,7957.2,107.4,6187,9177,148.327137546468,9177,148.3,FALSE,FALSE
"Mexico",2020,53,"Total","Total",27968,14832.4,112.9,10962,17006,155.135924101441,17006,155.1,FALSE,FALSE
"Netherlands",2020,29,"Males","0 to 44",39,-9,-18.7,48,-9,-18.75,-9,-18.8,TRUE,FALSE
"Netherlands",2020,53,"Females","0 to 44",32,2.2,7.4,27,5,18.5185185185185,5,18.5,FALSE,FALSE
"Netherlands",2020,53,"Females","45 to 64",157,6.9,4.6,165,-8,-4.84848484848485,-8,-4.8,FALSE,FALSE
"Netherlands",2020,53,"Females","65 and over",1807,343,23.4,1280,527,41.171875,527,41.2,FALSE,FALSE
"Netherlands",2020,53,"Females","Total",1996,352.3,21.4,1469,527,35.8747447243022,527,35.9,FALSE,FALSE
"Netherlands",2020,53,"Males","0 to 44",50,5,11.1,46,4,8.69565217391304,4,8.7,FALSE,FALSE
"Netherlands",2020,53,"Males","45 to 64",225,16.8,8.1,203,22,10.8374384236453,22,10.8,FALSE,FALSE
"Netherlands",2020,53,"Males","65 and over",1839,591,47.4,1197,642,53.6340852130326,642,53.6,FALSE,FALSE
"Netherlands",2020,53,"Males","Total",2114,613.4,40.9,1442,672,46.6019417475728,672,46.6,FALSE,FALSE
"Netherlands",2020,53,"Total","0 to 44",82,7.2,9.6,73,9,12.3287671232877,9,12.3,FALSE,FALSE
"Netherlands",2020,53,"Total","45 to 64",382,23.8,6.6,368,14,3.80434782608696,14,3.8,FALSE,FALSE
"Netherlands",2020,53,"Total","65 and over",3646,934.2,34.4,2477,1169,47.1941865159467,1169,47.2,FALSE,FALSE
"Netherlands",2020,53,"Total","Total",4110,965.7,30.7,2911,1199,41.1885949845414,1199,41.2,FALSE,FALSE
"Netherlands",2021,31,"Females","0 to 44",27,-1.8,-6.2,28.8,-1.8,-6.25,-1.8,-6.3,TRUE,FALSE
"Netherlands",2022,29,"Males","0 to 44",39,-9,-18.7,48,-9,-18.75,-9,-18.8,TRUE,FALSE
"New Zealand",2020,53,"Females","Total",317,36.2,12.9,299,18,6.02006688963211,18,6,FALSE,FALSE
"New Zealand",2020,53,"Males","Total",358,61.3,20.7,276,82,29.7101449275362,82,29.7,FALSE,FALSE
"New Zealand",2020,53,"Total","Total",675,97.5,16.9,575,100,17.3913043478261,100,17.4,FALSE,FALSE
"Norway",2020,19,"Females","0 to 44",6,-0.4,-6.2,6.4,-0.4,-6.25000000000001,-0.4,-6.3,TRUE,FALSE
"Norway",2020,36,"Males","0 to 44",17,1,6.3,16,1,6.25,1,6.2,TRUE,FALSE
"Norway",2020,53,"Females","0 to 44",7,-1.3,-15.7,9,-2,-22.2222222222222,-2,-22.2,FALSE,FALSE
"Norway",2020,53,"Females","45 to 64",35,-4,-10.3,30,5,16.6666666666667,5,16.7,FALSE,FALSE
"Norway",2020,53,"Females","65 and over",412,-16.3,-3.8,380,32,8.42105263157895,32,8.4,FALSE,FALSE
"Norway",2020,53,"Females","Total",454,-21.6,-4.5,419,35,8.35322195704057,35,8.4,FALSE,FALSE
"Norway",2020,53,"Males","0 to 44",16,-0.7,-4.2,17,-1,-5.88235294117647,-1,-5.9,FALSE,FALSE
"Norway",2020,53,"Males","45 to 64",46,-11.9,-20.6,57,-11,-19.2982456140351,-11,-19.3,FALSE,FALSE
"Norway",2020,53,"Males","65 and over",325,-25.8,-7.4,358,-33,-9.21787709497207,-33,-9.2,FALSE,FALSE
"Norway",2020,53,"Males","Total",387,-38.4,-9,432,-45,-10.4166666666667,-45,-10.4,FALSE,FALSE
"Norway",2020,53,"Total","0 to 44",23,-2,-8,26,-3,-11.5384615384615,-3,-11.5,FALSE,FALSE
"Norway",2020,53,"Total","45 to 64",81,-15.9,-16.4,87,-6,-6.89655172413793,-6,-6.9,FALSE,FALSE
"Norway",2020,53,"Total","65 and over",737,-42.1,-5.4,738,-1,-0.13550135501355,-1,-0.1,FALSE,FALSE
"Norway",2020,53,"Total","Total",841,-60,-6.7,851,-10,-1.17508813160987,-10,-1.2,FALSE,FALSE
"Norway",2021,4,"Total","0 to 44",24,-1.6,-6.2,25.6,-1.6,-6.25000000000001,-1.6,-6.3,TRUE,FALSE
"Norway",2021,17,"Total","45 to 64",78,-5.2,-6.2,83.2,-5.2,-6.25,-5.2,-6.3,TRUE,FALSE
"Norway",2021,19,"Females","0 to 44",10,3.6,56.3,6.4,3.6,56.25,3.6,56.2,TRUE,FALSE
"Norway",2021,46,"Males","0 to 44",13,-3,-18.7,16,-3,-18.75,-3,-18.8,TRUE,FALSE
"Norway",2022,13,"Males","45 to 64",51,3,6.3,48,3,6.25,3,6.2,TRUE,FALSE
"Norway",2022,33,"Males","0 to 44",17,1,6.3,16,1,6.25,1,6.2,TRUE,FALSE
"Norway",2022,34,"Males","0 to 44",13,-3,-18.7,16,-3,-18.75,-3,-18.8,TRUE,FALSE
"Norway",2022,36,"Males","0 to 44",13,-3,-18.7,16,-3,-18.75,-3,-18.8,TRUE,FALSE
"Norway",2022,51,"Males","0 to 44",17,1,6.3,16,1,6.25,1,6.2,TRUE,FALSE
"Poland",2020,53,"Females","0 to 44",119,27,29.3,91,28,30.7692307692308,28,30.8,FALSE,FALSE
"Poland",2020,53,"Females","45 to 64",565,46.5,9,516,49,9.49612403100775,49,9.5,FALSE,FALSE
"Poland",2020,53,"Females","65 and over",4726,1306.6,38.2,3044,1682,55.2562417871222,1682,55.3,FALSE,FALSE
"Poland",2020,53,"Females","Total",5410,1380.1,34.2,3651,1759,48.1785812106272,1759,48.2,FALSE,FALSE
"Poland",2020,53,"Males","0 to 44",350,61.7,21.4,278,72,25.8992805755396,72,25.9,FALSE,FALSE
"Poland",2020,53,"Males","45 to 64",1448,225.2,18.4,1247,201,16.1186848436247,201,16.1,FALSE,FALSE
"Poland",2020,53,"Males","65 and over",4567,1715.9,60.2,2640,1927,72.9924242424242,1927,73,FALSE,FALSE
"Poland",2020,53,"Males","Total",6365,2002.8,45.9,4165,2200,52.8211284513806,2200,52.8,FALSE,FALSE
"Poland",2020,53,"Total","0 to 44",469,88.7,23.3,369,100,27.10027100271,100,27.1,FALSE,FALSE
"Poland",2020,53,"Total","45 to 64",2013,271.7,15.6,1763,250,14.1803743618832,250,14.2,FALSE,FALSE
"Poland",2020,53,"Total","65 and over",9293,3022.5,48.2,5684,3609,63.494018296974,3609,63.5,FALSE,FALSE
"Poland",2020,53,"Total","Total",11775,3382.9,40.3,7816,3959,50.6525076765609,3959,50.7,FALSE,FALSE
"Poland",2021,41,"Males","45 to 64",1023,-68.2,-6.2,1091.2,-68.2,-6.25,-68.2,-6.3,TRUE,FALSE
"Portugal",2020,53,"Females","0 to 44",19,-5.1,-21.2,16,3,18.75,3,18.8,FALSE,FALSE
"Portugal",2020,53,"Females","45 to 64",122,28.3,30.2,104,18,17.3076923076923,18,17.3,FALSE,FALSE
"Portugal",2020,53,"Females","65 and over",1456,222.7,18.1,1023,433,42.3264907135875,433,42.3,FALSE,FALSE
"Portugal",2020,53,"Females","Total",1597,245.9,18.2,1143,454,39.7200349956255,454,39.7,FALSE,FALSE
"Portugal",2020,53,"Males","0 to 44",36,-2.7,-7,31,5,16.1290322580645,5,16.1,FALSE,FALSE
"Portugal",2020,53,"Males","45 to 64",235,31.2,15.3,202,33,16.3366336633663,33,16.3,FALSE,FALSE
"Portugal",2020,53,"Males","65 and over",1289,212.7,19.8,955,334,34.9738219895288,334,35,FALSE,FALSE
"Portugal",2020,53,"Males","Total",1561,242,18.3,1188,373,31.3973063973064,373,31.4,FALSE,FALSE
"Portugal",2020,53,"Total","0 to 44",55,-7.8,-12.4,47,8,17.0212765957447,8,17,FALSE,FALSE
"Portugal",2020,53,"Total","45 to 64",357,59.5,20,306,51,16.6666666666667,51,16.7,FALSE,FALSE
"Portugal",2020,53,"Total","65 and over",2745,435.4,18.9,1978,767,38.7765419615774,767,38.8,FALSE,FALSE
"Portugal",2020,53,"Total","Total",3158,487.9,18.3,2331,827,35.4783354783355,827,35.5,FALSE,FALSE
"Portugal",2022,8,"Females","45 to 64",69,-11,-13.7,80,-11,-13.75,-11,-13.8,TRUE,FALSE
"Slovak Republic",2020,5,"Females","0 to 44",9,-7,-43.7,16,-7,-43.75,-7,-43.8,TRUE,FALSE
"Slovak Republic",2020,36,"Males","0 to 44",33,-2.2,-6.2,35.2,-2.2,-6.25000000000001,-2.2,-6.3,TRUE,FALSE
"Slovak Republic",2020,53,"Females","0 to 44",22,6.9,45.7,11,11,100,11,100,FALSE,FALSE
"Slovak Republic",2020,53,"Females","45 to 64",106,36,51.4,53,53,100,53,100,FALSE,FALSE
"Slovak Republic",2020,53,"Females","65 and over",892,429.1,92.7,434,458,105.529953917051,458,105.5,FALSE,FALSE
"Slovak Republic",2020,53,"Females","Total",1020,472,86.1,498,522,104.819277108434,522,104.8,FALSE,FALSE
"Slovak Republic",2020,53,"Males","0 to 44",29,-5.8,-16.7,45,-16,-35.5555555555556,-16,-35.6,FALSE,FALSE
"Slovak Republic",2020,53,"Males","45 to 64",217,51,30.7,156,61,39.1025641025641,61,39.1,FALSE,FALSE
"Slovak Republic",2020,53,"Males","65 and over",781,404,107.2,335,446,133.134328358209,446,133.1,FALSE,FALSE
"Slovak Republic",2020,53,"Males","Total",1027,449.2,77.7,536,491,91.6044776119403,491,91.6,FALSE,FALSE
"Slovak Republic",2020,53,"Total","0 to 44",51,1.1,2.2,56,-5,-8.92857142857143,-5,-8.9,FALSE,FALSE
"Slovak Republic",2020,53,"Total","45 to 64",323,87,36.9,209,114,54.5454545454545,114,54.5,FALSE,FALSE
"Slovak Republic",2020,53,"Total","65 and over",1673,833.1,99.2,769,904,117.555266579974,904,117.6,FALSE,FALSE
"Slovak Republic",2020,53,"Total","Total",2047,921.2,81.8,1034,1013,97.9690522243714,1013,98,FALSE,FALSE
"Slovak Republic",2021,3,"Total","Total",1995,795,66.3,1200,795,66.25,795,66.2,TRUE,FALSE
"Slovak Republic",2022,8,"Total","0 to 44",48,-3.2,-6.2,51.2,-3.2,-6.25000000000001,-3.2,-6.3,TRUE,FALSE
"Slovak Republic",2022,9,"Females","45 to 64",66,-4.4,-6.2,70.4,-4.40000000000001,-6.25000000000001,-4.4,-6.3,TRUE,FALSE
"Slovenia",2020,5,"Males","0 to 44",10,3.6,56.3,6.4,3.6,56.25,3.6,56.2,TRUE,FALSE
"Slovenia",2020,21,"Females","Total",187,11,6.3,176,11,6.25,11,6.2,TRUE,FALSE
"Slovenia",2020,33,"Females","0 to 44",5,1.8,56.3,3.2,1.8,56.25,1.8,56.2,TRUE,FALSE
"Slovenia",2020,51,"Females","0 to 44",3,-0.2,-6.2,3.2,-0.2,-6.25000000000001,-0.2,-6.3,TRUE,FALSE
"Slovenia",2020,53,"Females","0 to 44",6,3.2,114.3,3,3,100,3,100,FALSE,FALSE
"Slovenia",2020,53,"Females","45 to 64",21,2.2,11.7,9,12,133.333333333333,12,133.3,FALSE,FALSE
"Slovenia",2020,53,"Females","65 and over",308,110,55.6,192,116,60.4166666666667,116,60.4,FALSE,FALSE
"Slovenia",2020,53,"Females","Total",335,115.4,52.6,204,131,64.2156862745098,131,64.2,FALSE,FALSE
"Slovenia",2020,53,"Males","0 to 44",7,-1,-12.5,9,-2,-22.2222222222222,-2,-22.2,FALSE,FALSE
"Slovenia",2020,53,"Males","45 to 64",39,2.2,6,31,8,25.8064516129032,8,25.8,FALSE,FALSE
"Slovenia",2020,53,"Males","65 and over",279,117.4,72.6,157,122,77.7070063694268,122,77.7,FALSE,FALSE
"Slovenia",2020,53,"Males","Total",325,118.6,57.5,197,128,64.9746192893401,128,65,FALSE,FALSE
"Slovenia",2020,53,"Total","0 to 44",13,2.2,20.4,12,1,8.33333333333333,1,8.3,FALSE,FALSE
"Slovenia",2020,53,"Total","45 to 64",60,4.4,7.9,40,20,50,20,50,FALSE,FALSE
"Slovenia",2020,53,"Total","65 and over",587,227.4,63.2,349,238,68.1948424068768,238,68.2,FALSE,FALSE
"Slovenia",2020,53,"Total","Total",660,234,54.9,401,259,64.5885286783042,259,64.6,FALSE,FALSE
"Slovenia",2021,2,"Total","45 to 64",68,4,6.3,64,4,6.25,4,6.2,TRUE,FALSE
"Slovenia",2021,5,"Males","0 to 44",6,-0.4,-6.2,6.4,-0.4,-6.25000000000001,-0.4,-6.3,TRUE,FALSE
"Slovenia",2021,10,"Males","0 to 44",6,-0.4,-6.2,6.4,-0.4,-6.25000000000001,-0.4,-6.3,TRUE,FALSE
"Slovenia",2021,15,"Females","0 to 44",5,1.8,56.3,3.2,1.8,56.25,1.8,56.2,TRUE,FALSE
"Slovenia",2021,41,"Males","0 to 44",10,3.6,56.3,6.4,3.6,56.25,3.6,56.2,TRUE,FALSE
"Slovenia",2022,15,"Females","0 to 44",7,3.8,118.8,3.2,3.8,118.75,3.8,118.7,TRUE,FALSE
"Slovenia",2022,39,"Females","0 to 44",1,-2.2,-68.7,3.2,-2.2,-68.75,-2.2,-68.8,TRUE,FALSE
"Spain",2020,53,"Females","0 to 44",35,-38.9,-52.6,51,-16,-31.3725490196078,-16,-31.4,FALSE,FALSE
"Spain",2020,53,"Females","45 to 64",197,-131.9,-40.1,323,-126,-39.0092879256966,-126,-39,FALSE,FALSE
"Spain",2020,53,"Females","65 and over",2415,-1910.4,-44.2,3759,-1344,-35.7541899441341,-1344,-35.8,FALSE,FALSE
"Spain",2020,53,"Females","Total",4591,-137.2,-2.9,4133,458,11.0815388337769,458,11.1,FALSE,FALSE
"Spain",2020,53,"Males","0 to 44",64,-66.1,-50.8,138,-74,-53.6231884057971,-74,-53.6,FALSE,FALSE
"Spain",2020,53,"Males","45 to 64",458,-226.6,-33.1,641,-183,-28.5491419656786,-183,-28.5,FALSE,FALSE
"Spain",2020,53,"Males","65 and over",2293,-1624.2,-41.5,3515,-1222,-34.7652916073969,-1222,-34.8,FALSE,FALSE
"Spain",2020,53,"Males","Total",4933,201.1,4.2,4294,639,14.8812296227294,639,14.9,FALSE,FALSE
"Spain",2020,53,"Total","0 to 44",99,-105,-51.5,189,-90,-47.6190476190476,-90,-47.6,FALSE,FALSE
"Spain",2020,53,"Total","45 to 64",655,-358.5,-35.4,964,-309,-32.0539419087137,-309,-32.1,FALSE,FALSE
"Spain",2020,53,"Total","65 and over",4708,-3534.6,-42.9,7274,-2566,-35.2763266428375,-2566,-35.3,FALSE,FALSE
"Spain",2020,53,"Total","Total",9524,63.9,0.7,8427,1097,13.0176812626083,1097,13,FALSE,FALSE
"Sweden",2020,7,"Females","0 to 44",21,5,31.3,16,5,31.25,5,31.2,TRUE,FALSE
"Sweden",2020,53,"Females","0 to 44",18,2.7,17.6,17,1,5.88235294117647,1,5.9,FALSE,FALSE
"Sweden",2020,53,"Females","45 to 64",69,6.9,11.1,53,16,30.188679245283,16,30.2,FALSE,FALSE
"Sweden",2020,53,"Females","65 and over",1159,258.7,28.7,916,243,26.528384279476,243,26.5,FALSE,FALSE
"Sweden",2020,53,"Females","Total",1246,268.3,27.4,986,260,26.369168356998,260,26.4,FALSE,FALSE
"Sweden",2020,53,"Males","0 to 44",31,5.8,23,24,7,29.1666666666667,7,29.2,FALSE,FALSE
"Sweden",2020,53,"Males","45 to 64",76,-19.3,-20.3,98,-22,-22.4489795918367,-22,-22.4,FALSE,FALSE
"Sweden",2020,53,"Males","65 and over",1021,216.1,26.8,806,215,26.6749379652605,215,26.7,FALSE,FALSE
"Sweden",2020,53,"Males","Total",1128,202.6,21.9,928,200,21.551724137931,200,21.6,FALSE,FALSE
"Sweden",2020,53,"Total","0 to 44",49,8.5,21,41,8,19.5121951219512,8,19.5,FALSE,FALSE
"Sweden",2020,53,"Total","45 to 64",145,-12.4,-7.9,151,-6,-3.97350993377483,-6,-4,FALSE,FALSE
"Sweden",2020,53,"Total","65 and over",2180,474.8,27.8,1722,458,26.5969802555168,458,26.6,FALSE,FALSE
"Sweden",2020,53,"Total","Total",2374,470.9,24.7,1914,460,24.0334378265413,460,24,FALSE,FALSE
"Sweden",2021,7,"Females","0 to 44",9,-7,-43.7,16,-7,-43.75,-7,-43.8,TRUE,FALSE
"Sweden",2022,7,"Females","0 to 44",13,-3,-18.7,16,-3,-18.75,-3,-18.8,TRUE,FALSE
"Sweden",2022,21,"Females","0 to 44",9,-7,-43.7,16,-7,-43.75,-7,-43.8,TRUE,FALSE
"Switzerland",2020,45,"Total","0 to 44",33,-2.2,-6.2,35.2,-2.2,-6.25000000000001,-2.2,-6.3,TRUE,FALSE
"Switzerland",2020,53,"Females","0 to 44",12,0.9,8.1,9,3,33.3333333333333,3,33.3,FALSE,FALSE
"Switzerland",2020,53,"Females","45 to 64",62,8.1,15,49,13,26.530612244898,13,26.5,FALSE,FALSE
"Switzerland",2020,53,"Females","65 and over",950,259.9,37.7,630,320,50.7936507936508,320,50.8,FALSE,FALSE
"Switzerland",2020,53,"Females","Total",1024,268.9,35.6,688,336,48.8372093023256,336,48.8,FALSE,FALSE
"Switzerland",2020,53,"Males","0 to 44",23,0.5,2.2,18,5,27.7777777777778,5,27.8,FALSE,FALSE
"Switzerland",2020,53,"Males","45 to 64",90,7.9,9.6,88,2,2.27272727272727,2,2.3,FALSE,FALSE
"Switzerland",2020,53,"Males","65 and over",850,281.8,49.6,524,326,62.2137404580153,326,62.2,FALSE,FALSE
"Switzerland",2020,53,"Males","Total",963,290.2,43.1,630,333,52.8571428571429,333,52.9,FALSE,FALSE
"Switzerland",2020,53,"Total","0 to 44",35,1.4,4.2,27,8,29.6296296296296,8,29.6,FALSE,FALSE
"Switzerland",2020,53,"Total","45 to 64",152,16,11.8,137,15,10.9489051094891,15,10.9,FALSE,FALSE
"Switzerland",2020,53,"Total","65 and over",1800,541.7,43.1,1154,646,55.9792027729636,646,56,FALSE,FALSE
"Switzerland",2020,53,"Total","Total",1987,559.1,39.2,1318,669,50.7587253414264,669,50.8,FALSE,FALSE
"Switzerland",2021,5,"Total","0 to 44",42,10,31.3,32,10,31.25,10,31.2,TRUE,FALSE
"Switzerland",2021,37,"Males","45 to 64",93,13,16.3,80,13,16.25,13,16.2,TRUE,FALSE
"Switzerland",2022,5,"Total","0 to 44",42,10,31.3,32,10,31.25,10,31.2,TRUE,FALSE
"Switzerland",2022,50,"Females","45 to 64",48,-3.2,-6.2,51.2,-3.2,-6.25000000000001,-3.2,-6.3,TRUE,FALSE
